{
    "rmse": 0.6840757002758022,
    "mae": 0.5311142513657224,
    "r2": 0.23908240741010922
}